{"cameraMode":{"drawMode":1,"name":"Wireframe","section":"Shading Mode"},"sceneLighting":true,"audioPlay":false,"sceneViewState":{"showFog":true,"showMaterialUpdate":false,"showSkybox":true,"showFlares":true,"showImageEffects":true,"showParticleSystems":true},"in2DMode":false,"pivot":{"x":-1667.5841064453125,"y":396.78143310546877,"z":-2458.47900390625},"rotation":{"x":-0.42926883697509768,"y":0.5179408192634583,"z":-0.3377184569835663,"w":-0.658344566822052},"size":5541.2841796875,"orthographic":false}